<?xml version = "1.0" encoding = "utf-8" ?>
<component name = "CategorySelectContent" extends = "ContentNode" >
  <children >
    <ContentNode title = "" >
      <ContentNode 
        HDPosterUrl = "http://192.168.43.99:8080/4.png" 
        description = "AppliancesSelectContent" />
      <ContentNode 
        HDPosterUrl = "http://192.168.43.99:8080/3.png" 
        description = "ToolsAndHardwareSelectContent" />
      <ContentNode 
        HDPosterUrl = "http://192.168.43.99:8080/7.png" 
        description = "ClothesSelectContent" />
      <ContentNode 
        HDPosterUrl = "http://192.168.43.99:8080/5.png"
        description = "ToysSelectContent" />
      <ContentNode 
        HDPosterUrl = "http://192.168.43.99:8080/6.png" 
        description = "GamesSelectContent" />
      <ContentNode 
        HDPosterUrl = "http://192.168.43.99:8080/9.png" 
        font.color="#ffffff"
        description = "ElectronicsSelectContent" />
      <ContentNode
        HDPosterUrl = "http://192.168.43.99:8080/8.png"
        description = "AccessoriesSelectContent" />
    </ContentNode>
  </children>
</component>
